{
    "kinetic_constants": {
        "k_activator_modifierspeciesreference_211715_catalyst_68819": -16.912693679332733,
        "k_activator_modifierspeciesreference_211734_catalyst_69593": -18.564977049827576,
        "k_activator_modifierspeciesreference_8867344_catalyst_9840234": -15.794153213500977,
        "k_forcat_reaction_211715": -0.012111663818359375,
        "k_forcat_reaction_211716": -19.910411005839705,
        "k_forcat_reaction_211731": 9.548571109771729,
        "k_forcat_reaction_211734": 9.659807682037354,
        "k_forcat_reaction_8867344": -0.11487007141113281,
        "k_input_species_113521": -17.977869659662247,
        "k_input_species_195125": -11.981046199798584,
        "k_input_species_211654": -12.437633872032166,
        "k_input_species_68819": -19.94697574991733,
        "k_input_species_69593": -7.6011669635772705,
        "k_input_species_8867508": -18.22371408343315,
        "k_input_species_9840234": -12.055867910385132,
        "k_output_species_211729": 17.74250030517578,
        "k_output_species_68819": -3.876614570617676,
        "k_output_species_69593": 2.4236297607421875,
        "k_output_species_8867509": 15.256993770599365,
        "k_output_species_8867513": 10.326437950134277,
        "k_output_species_9840234": 19.999709129333496,
        "scale_parameter": 0.45072052627801895
    }
}