{
    "kinetic_constants": {
        "k_activator_modifierspeciesreference_211715_catalyst_68819": -0.03999999999999,
        "k_activator_modifierspeciesreference_211734_catalyst_69593": -1e-14,
        "k_activator_modifierspeciesreference_8867344_catalyst_9840234": -5.35333333333334,
        "k_forcat_reaction_211715": 0.00999999999995,
        "k_forcat_reaction_211716": 12.33333333333545,
        "k_forcat_reaction_211731": -11.99999999999969,
        "k_forcat_reaction_211734": 3e-14,
        "k_forcat_reaction_8867344": -0.00999999999997,
        "k_input_species_113521": -0.80333333333333,
        "k_input_species_195125": -0.83333333333331,
        "k_input_species_211654": -0.83333333333331,
        "k_input_species_68819": 0.03000000000002,
        "k_input_species_69593": -7.5000000000001,
        "k_input_species_8867508": -0.80333333333333,
        "k_input_species_9840234": -0.06000003597747,
        "k_output_species_211729": -0.02000000000004,
        "k_output_species_68819": -1.65666666666671,
        "k_output_species_69593": -1e-14,
        "k_output_species_8867509": 5.7166666666667,
        "k_output_species_8867513": 7.65666666666673,
        "k_output_species_9840234": 0.46,
        "scale_parameter": 0.06999999999999
    }
}