{
    "kinetic_constants": {
        "k_activator_modifierspeciesreference_6796647_positiveregulator_6796650": 11.421905478440301,
        "k_activator_modifierspeciesreference_6797606_catalyst_6797614": 11.15475219148405,
        "k_activator_modifierspeciesreference_6797712_positiveregulator_6797602": -18.972083362927556,
        "k_activator_modifierspeciesreference_6806392_positiveregulator_6806584": -3.549589753507128,
        "k_activator_modifierspeciesreference_6806394_positiveregulator_6806565": 16.151788881677177,
        "k_activator_modifierspeciesreference_6806405_positiveregulator_6806574": 4.967379087710302,
        "k_activator_modifierspeciesreference_6806423_positiveregulator_6806601": 9.60733548852303,
        "k_activator_modifierspeciesreference_6806425_positiveregulator_6806590": 11.340156412244548,
        "k_forcat_reaction_6796647": -1.2035591360125526,
        "k_forcat_reaction_6796649": -14.553958710979593,
        "k_forcat_reaction_6797090": -13.084517493917936,
        "k_forcat_reaction_6797100": -12.36086715423857,
        "k_forcat_reaction_6797606": 16.05245338606131,
        "k_forcat_reaction_6797616": 16.230702831794883,
        "k_forcat_reaction_6797712": -15.028231978153563,
        "k_forcat_reaction_6806392": -14.20599313341953,
        "k_forcat_reaction_6806394": -15.481284813590936,
        "k_forcat_reaction_6806405": 18.470623932465436,
        "k_forcat_reaction_6806408": -13.858294417763679,
        "k_forcat_reaction_6806412": 14.146380822927362,
        "k_forcat_reaction_6806413": -12.549416250889616,
        "k_forcat_reaction_6806417": -0.38732816026340977,
        "k_forcat_reaction_6806419": 11.181839667291696,
        "k_forcat_reaction_6806423": 7.382391844199052,
        "k_forcat_reaction_6806425": 17.234530088971834,
        "k_input_species_29358": -16.09213311520693,
        "k_input_species_3222171": -14.864470834123706,
        "k_input_species_6796652": -12.186952804763527,
        "k_input_species_6797012": -16.10111533565516,
        "k_input_species_6797014": -15.08721703559457,
        "k_input_species_6797611": -12.18537574161864,
        "k_input_species_6797615": -14.253764104174806,
        "k_input_species_6806560": -18.126293503814516,
        "k_input_species_6806564": -12.829149363124733,
        "k_input_species_6806576": -14.70873570759613,
        "k_input_species_6806585": -16.432878323554977,
        "k_input_species_6806593": -12.359412920663265,
        "k_input_species_6806606": -12.090948516674942,
        "k_output_species_113582": -16.67634143975963,
        "k_output_species_419530": 19.252452321868343,
        "k_output_species_53491": 12.458291723625363,
        "k_output_species_5357525": 1.5662895791295062,
        "k_output_species_5357527": 19.36483739337246,
        "k_output_species_6797094": 11.807283634054716,
        "k_output_species_6797713": -0.7806122006226229,
        "k_output_species_912495": -8.246741891403738
    }
}